ID,Title,Location
https://www.jobkorea.co.kr/Recruit/GI_Read/40073787,[전액무료] IT취업 자바/파이썬/인공지능/빅데이터 교육생 모집,서울 영등포구 외
https://www.jobkorea.co.kr/Recruit/GI_Read/40153467,"[교원투어] 여행이지 Java, Python 개발자(경력) 모집",서울 종로구 외
https://www.jobkorea.co.kr/Recruit/GI_Read/39543382,"데이터 분석가 / 백엔드 개발자 채용 / DBA, Spring boot, JS, GA, Log, 수집, 분석, JAVA, ML, R, python, 추천, NLP",서울 금천구
https://www.jobkorea.co.kr/Recruit/GI_Read/40134897,2022년 4분기 JYP엔터테인먼트 공개 채용,
https://www.jobkorea.co.kr/Recruit/GI_Read/39904363,"python, java, jsp, 퍼블리셔, AI, 악성코드 분석 채용",서울 강남구
https://www.jobkorea.co.kr/Recruit/GI_Read/40097875,㈜네이처리퍼블릭 부문별 신입 및 경력사원 채용,
https://www.jobkorea.co.kr/Recruit/GI_Read/39502338,"프로그래머(JAVA, Python, Oracle SQL) 및 PL, PM 모집",인천 부평구
https://www.jobkorea.co.kr/Recruit/GI_Read/40150167,"인공지능(딥러닝)개발자, Python 능력자(병역 특례, 보충역 가능) 모십니다",서울 구로구
https://www.jobkorea.co.kr/Recruit/GI_Read/39657944,[Python] Backend Developer (Python/Tech Lead/10년이상),서울 서초구 외
https://www.jobkorea.co.kr/Recruit/GI_Read/40098794,㈜백조씽크 각 부문 신입 및 경력직 채용,
https://www.jobkorea.co.kr/Recruit/GI_Read/40080614,TechLab Python 개발자 채용,서울 구로구
https://www.jobkorea.co.kr/Recruit/GI_Read/39467167,"[본사/광고대행사업부] Python, Java 개발자 채용 공고",서울 금천구
https://www.jobkorea.co.kr/Recruit/GI_Read/40068630,매일경제 경영지원직 신입사원 모집,
https://www.jobkorea.co.kr/Recruit/GI_Read/40030350,2022년 10월 경력사원 채용,
https://www.jobkorea.co.kr/Recruit/GI_Read/39325780,[컴투스 그룹] 각 부문별 경력/신입 인재채용,
https://www.jobkorea.co.kr/Recruit/GI_Read/40117077,연구소 IT개발(서버/백엔드/프론트엔드/Python/웹 퍼블리셔/QA 엔지니어) 대규모 채용,서울 송파구
https://www.jobkorea.co.kr/Recruit/GI_Read/40032847,2022년 하반기 신입/경력사원 채용,
https://www.jobkorea.co.kr/Recruit/GI_Read/39863722,[무신사로지스틱스] 부문별 신입 및 경력사원 채용,
https://www.jobkorea.co.kr/Recruit/GI_Read/40131271,2022년 ㈜티비에이치글로벌 부문별 신입 및 경력직 모집,
https://www.jobkorea.co.kr/Recruit/GI_Read/39874256,"[본사/대구/부산] Java / Python 활용 / Android/ios/ 금융솔루션 개발자 및 디자이너 채용 공고(경력, 신입)",서울 금천구 외
https://www.jobkorea.co.kr/Recruit/GI_Read/39540683,"IT 개발분야(JAVA,WEB,RPA,Python등) 실습보조강사 모십니다.",서울 영등포구
https://www.jobkorea.co.kr/Recruit/GI_Read/40147117,Python 개발 경력자 채용,서울 강남구 외
https://www.jobkorea.co.kr/Recruit/GI_Read/39888598,"[신입,경력 / 정규직] 데이터분석 및 개발업무 (R,Python)",서울 강남구 외
https://www.jobkorea.co.kr/Recruit/GI_Read/40185565,[NHN다이퀘스트] Java/Python 개발자 모집,서울 구로구 외
https://www.jobkorea.co.kr/Recruit/GI_Read/40177435,"일본 도쿄, 시스템 개발, 모바일 앱개발,JAVA, Python, 화상 인식 개발",일본 도쿄
https://www.jobkorea.co.kr/Recruit/GI_Read/39713099,[개발자채용] Python 신입/경력 모집,경기 안양시
https://www.jobkorea.co.kr/Recruit/GI_Read/40189422,[시청역] OO기업 챗봇시스템 운영(Python/고급),서울 중랑구 외
https://www.jobkorea.co.kr/Recruit/GI_Read/40189714,"소프트웨어(C++,Python)(경력)담당자모집",경기 군포시
https://www.jobkorea.co.kr/Recruit/GI_Read/40059945,차량용 SW Test 자동화 개발(Python) 및 검증,인천 서구 외
https://www.jobkorea.co.kr/Recruit/GI_Read/40017807,CREVERSE 신입/경력 수시채용,
https://www.jobkorea.co.kr/Recruit/GI_Read/40153467,"[교원투어] 여행이지 Java, Python 개발자(경력) 모집",서울 종로구 외
https://www.jobkorea.co.kr/Recruit/GI_Read/40027628,전국 홈플러스 점포(하이퍼/익스프레스) 신입(채용연계형 인턴십) 공개 채용,
https://www.jobkorea.co.kr/Recruit/GI_Read/40073787,[전액무료] IT취업 자바/파이썬/인공지능/빅데이터 교육생 모집,서울 영등포구 외
https://www.jobkorea.co.kr/Recruit/GI_Read/39657944,[Python] Backend Developer (Python/Tech Lead/10년이상),서울 서초구 외
https://www.jobkorea.co.kr/Recruit/GI_Read/40134012,[2022년] (정규직 상시채용) 경력사원 모집(건축·주택 견적 / 건축·설비·전기시공 / 현장공무),
https://www.jobkorea.co.kr/Recruit/GI_Read/40185565,[NHN다이퀘스트] Java/Python 개발자 모집,서울 구로구 외
https://www.jobkorea.co.kr/Recruit/GI_Read/39874256,"[본사/대구/부산] Java / Python 활용 / Android/ios/ 금융솔루션 개발자 및 디자이너 채용 공고(경력, 신입)",서울 금천구 외
https://www.jobkorea.co.kr/Recruit/GI_Read/39863722,[무신사로지스틱스] 부문별 신입 및 경력사원 채용,
https://www.jobkorea.co.kr/Recruit/GI_Read/40150167,"인공지능(딥러닝)개발자, Python 능력자(병역 특례, 보충역 가능) 모십니다",서울 구로구
https://www.jobkorea.co.kr/Recruit/GI_Read/39971951,2022년 하반기 베스핀글로벌 신입사원 공개채용,
https://www.jobkorea.co.kr/Recruit/GI_Read/39540683,"IT 개발분야(JAVA,WEB,RPA,Python등) 실습보조강사 모십니다.",서울 영등포구
https://www.jobkorea.co.kr/Recruit/GI_Read/40097333,토스페이먼츠 Settlement Manager (PG정산) 채용,
https://www.jobkorea.co.kr/Recruit/GI_Read/39904363,"python, java, jsp, 퍼블리셔, AI, 악성코드 분석 채용",서울 강남구
https://www.jobkorea.co.kr/Recruit/GI_Read/39543382,"데이터 분석가 / 백엔드 개발자 채용 / DBA, Spring boot, JS, GA, Log, 수집, 분석, JAVA, ML, R, python, 추천, NLP",서울 금천구
https://www.jobkorea.co.kr/Recruit/GI_Read/40189714,"소프트웨어(C++,Python)(경력)담당자모집",경기 군포시
https://www.jobkorea.co.kr/Recruit/GI_Read/40104277,현대로템 부문별 신입/경력사원 채용,
https://www.jobkorea.co.kr/Recruit/GI_Read/39888598,"[신입,경력 / 정규직] 데이터분석 및 개발업무 (R,Python)",서울 강남구 외
https://www.jobkorea.co.kr/Recruit/GI_Read/40147117,Python 개발 경력자 채용,서울 강남구 외
https://www.jobkorea.co.kr/Recruit/GI_Read/39502338,"프로그래머(JAVA, Python, Oracle SQL) 및 PL, PM 모집",인천 부평구
https://www.jobkorea.co.kr/Recruit/GI_Read/40059945,차량용 SW Test 자동화 개발(Python) 및 검증,인천 서구 외
https://www.jobkorea.co.kr/Recruit/GI_Read/40136517,[Snow Peak] ㈜스노우피크 코리아 하반기 공개채용,
https://www.jobkorea.co.kr/Recruit/GI_Read/40080045,2022년도 하반기 농협목우촌 신규직원 채용(일반직(6급)),
https://www.jobkorea.co.kr/Recruit/GI_Read/40189422,[시청역] OO기업 챗봇시스템 운영(Python/고급),서울 중랑구 외
https://www.jobkorea.co.kr/Recruit/GI_Read/39467167,"[본사/광고대행사업부] Python, Java 개발자 채용 공고",서울 금천구
https://www.jobkorea.co.kr/Recruit/GI_Read/39713099,[개발자채용] Python 신입/경력 모집,경기 안양시
https://www.jobkorea.co.kr/Recruit/GI_Read/40080614,TechLab Python 개발자 채용,서울 구로구
https://www.jobkorea.co.kr/Recruit/GI_Read/40139804,비상교육 그룹 직무별 신입/경력 대규모 인재채용,
https://www.jobkorea.co.kr/Recruit/GI_Read/40117077,연구소 IT개발(서버/백엔드/프론트엔드/Python/웹 퍼블리셔/QA 엔지니어) 대규모 채용,서울 송파구
https://www.jobkorea.co.kr/Recruit/GI_Read/40068630,매일경제 경영지원직 신입사원 모집,
https://www.jobkorea.co.kr/Recruit/GI_Read/40177435,"일본 도쿄, 시스템 개발, 모바일 앱개발,JAVA, Python, 화상 인식 개발",일본 도쿄
https://www.jobkorea.co.kr/Recruit/GI_Read/40130301,REACT/PHP/PYTHON 개발자 채용,서울 영등포구
https://www.jobkorea.co.kr/Recruit/GI_Read/40025275,"22년 10월, 각 부문별 신입 및 경력 채용",
https://www.jobkorea.co.kr/Recruit/GI_Read/40107286,(주)바이오커넥트 - [신입 및 경력] 생체정보 영상처리 알고리즘 개발(Python),서울 서초구
https://www.jobkorea.co.kr/Recruit/GI_Read/40139094,OpenCV/MATLAB/TensorFlow/Python/C/C++/Linux 알고리즘 개발 (팀장급),서울 서초구
https://www.jobkorea.co.kr/Recruit/GI_Read/40111016,[마곡] Python 중급이상 00전자 Thinq admin 개발/운영,서울 강서구
https://www.jobkorea.co.kr/Recruit/GI_Read/40135293,"[개발자 ,유럽, 재택] 국내에서 하는 해외취업 ( Python / Data engineer )",경기 용인시 외
https://www.jobkorea.co.kr/Recruit/GI_Read/40103327,"드론 개발자 채용 (Python 경험자, OpenCV 및 이미지 처리에 대한 기본적인 이해가 있으신 분)",서울 서초구
https://www.jobkorea.co.kr/Recruit/GI_Read/40122915,[AI 수학 학습 프로그램] 파이썬 개발자 모집,서울 양천구
https://www.jobkorea.co.kr/Recruit/GI_Read/40077810,[주4.5일근무] Python 개발직무 경력 채용,서울 구로구 외
https://www.jobkorea.co.kr/Recruit/GI_Read/40101413,"[강남구청역-대기업 장기] 백앤드개발(JAVA, Python, SQL), 솔루션 고도화, 중급/월700",서울 강남구
https://www.jobkorea.co.kr/Recruit/GI_Read/40071515,"KDT, 빅데이터 교사 채용(자바, 파이썬, DB, AI, 머신러닝, 딥러닝 등)",경기 수원시 외
https://www.jobkorea.co.kr/Recruit/GI_Read/40123243,[[긴급]] 자바/파이썬 등 IT프로그래밍 교사 채용,경기 수원시 외
https://www.jobkorea.co.kr/Recruit/GI_Read/40090745,"플라스크(Flask)프레임워크 사용경력자, 파이썬, 빅데이터 분석가 채용",경북 경산시
https://www.jobkorea.co.kr/Recruit/GI_Read/40017807,CREVERSE 신입/경력 수시채용,
https://www.jobkorea.co.kr/Recruit/GI_Read/40138027,대기업) 챗봇시스템 - Python 경험 운영자 모집 [ 시청역 / 고급 ],서울 중구
https://www.jobkorea.co.kr/Recruit/GI_Read/39813773,[에그드랍] 골든하인드 인재 영입,
https://www.jobkorea.co.kr/Recruit/GI_Read/40090709,"플라스크(Flask)프레임워크 사용경력자, 파이썬, 빅데이터 분석가 채용",서울 동작구
https://www.jobkorea.co.kr/Recruit/GI_Read/40101968,"[강남구청역-대기업 장기] 운영 자동화 설치 및 개발(JAVA, Python), 중급/월700",서울 강남구
https://www.jobkorea.co.kr/Recruit/GI_Read/40093020,"[웨이브릿지] Back End(Python, Node.js, Java) 개발자",서울 영등포구
https://www.jobkorea.co.kr/Recruit/GI_Read/40103295,"AI(딥러닝) 개발자 채용 (Python, Pytorch, Ubuntu 경험자, AI에 대한 기본적 이해가 있으신 분)",서울 서초구
https://www.jobkorea.co.kr/Recruit/GI_Read/40008885,2022년 하반기 각 분야 공개채용,
https://www.jobkorea.co.kr/Recruit/GI_Read/40114297,'22년 하반기 대한송유관공사 신입/경력직원 채용,
https://www.jobkorea.co.kr/Recruit/GI_Read/40114539,2022년 ㈜세정 서울지사 부문별 신입(인턴) 채용,
https://www.jobkorea.co.kr/Recruit/GI_Read/40020068,post Server 2022 kakao Server 개발자 2차 대규모 영입,
https://www.jobkorea.co.kr/Recruit/GI_Read/40033657,㈜면사랑 2023년 대졸 신입/경력 공개채용,
https://www.jobkorea.co.kr/Recruit/GI_Read/40064457,[대우건설자회사] 2022년 부문별 공개채용(경력/신입),
https://www.jobkorea.co.kr/Recruit/GI_Read/40101711,파이썬 시간제 강사채용 [한국직업능력교육원 안산],경기 안산시 외
https://www.jobkorea.co.kr/Recruit/GI_Read/40103244,"스마트팜 시스템 제어 개발자 채용 (Python, Arduino, C++, Git, Linux 경험자)",서울 서초구
https://www.jobkorea.co.kr/Recruit/GI_Read/40097333,토스페이먼츠 Settlement Manager (PG정산) 채용,
https://www.jobkorea.co.kr/Recruit/GI_Read/40083363,"[더조은컴퓨터 구로캠퍼스] 빅데이터분석(파이썬, 자바)기반 AI(머신러닝,딥러닝) 강사 채용",서울 구로구
https://www.jobkorea.co.kr/Recruit/GI_Read/40059655,[올라핀테크] Python(파이썬) 개발자 모집,서울 강남구
https://www.jobkorea.co.kr/Recruit/GI_Read/40027628,전국 홈플러스 점포(하이퍼/익스프레스) 신입(채용연계형 인턴십) 공개 채용,
https://www.jobkorea.co.kr/Recruit/GI_Read/40005979,[안랩-제이슨] Python 파이썬 개발자 영입,서울 마포구
https://www.jobkorea.co.kr/Recruit/GI_Read/40063238,S/W 개발 프로그래머(Python),부산 사상구
https://www.jobkorea.co.kr/Recruit/GI_Read/40065242,"[경력&신입] 빅데이터 솔루션 개발-Python,Java(정규직) 채용",대전 유성구
https://www.jobkorea.co.kr/Recruit/GI_Read/40001286,"[2호선연결/연6,500만] 키스템프 본사 웹ERP개발자(Python/Django)",서울 중구 외
https://www.jobkorea.co.kr/Recruit/GI_Read/40049029,(주)디토나인 ㅣ 파이썬 웹 개발자 경력직 채용,서울 강남구
https://www.jobkorea.co.kr/Recruit/GI_Read/39395439,월급 많이 드릴테니까 운전만 해주세요.,
https://www.jobkorea.co.kr/Recruit/GI_Read/40068630,매일경제 경영지원직 신입사원 모집,
https://www.jobkorea.co.kr/Recruit/GI_Read/40048089,서버 개발 및 관리자(Python 사용가능자),서울 동작구
https://www.jobkorea.co.kr/Recruit/GI_Read/40062266,하이미디어컴퓨터디자인학원(일산점) java강사를 모십니다(Java & Python을 활용한 빅데이터 서비스 개발자 양성 과정)),경기 고양시 외
https://www.jobkorea.co.kr/Recruit/GI_Read/39990110,각 분야별 신입/경력 직원모집 (생산/품질/공정/연구/설계/영업 외),
https://www.jobkorea.co.kr/Recruit/GI_Read/40000214,데이터 엔지니어 및 Python 인재 채용,서울 강남구 외
https://www.jobkorea.co.kr/Recruit/GI_Read/40071502,"자바, 파이썬 등 IT프로그래밍 교사 채용(전임/시간강사 포함)",경기 수원시 외
https://www.jobkorea.co.kr/Recruit/GI_Read/40104853,2022년 동광제약 4분기 신입 및 경력사원 채용,
https://www.jobkorea.co.kr/Recruit/GI_Read/40134896,2022년 하반기 정규직 채용,
https://www.jobkorea.co.kr/Recruit/GI_Read/40136517,[Snow Peak] ㈜스노우피크 코리아 하반기 공개채용,
https://www.jobkorea.co.kr/Recruit/GI_Read/40048039,서버 개발 및 관리자(Python 사용가능자),경북 경산시
https://www.jobkorea.co.kr/Recruit/GI_Read/40130693,22년 11월 신입 및 경력사원 모집,
https://www.jobkorea.co.kr/Recruit/GI_Read/39998541,"웹, 응용프로그램 경력직 채용 (.NET, JAVA, Python 등)",경기 성남시 외
https://www.jobkorea.co.kr/Recruit/GI_Read/40031541,"(주)이랜서, PYTHON 파이썬 프리랜서 개발자(등급무관) 모집",서울 강남구
https://www.jobkorea.co.kr/Recruit/GI_Read/40068172,"[우수기업] 생산관리/공정관리, 개발(H/W, S/W, C++, C# , Python , AI, 빅데이터) 연구원",서울 서초구 외
https://www.jobkorea.co.kr/Recruit/GI_Read/40013187,"[경력] Web 개발/서버 개발자 모집(SpringBoot,, Java, Python)",경기 광명시
https://www.jobkorea.co.kr/Recruit/GI_Read/40080539,10월 신입/경력사원 모집,
https://www.jobkorea.co.kr/Recruit/GI_Read/40039512,프로그래머 모십니다 [java/jsp /c#/python],대전 서구 외
https://www.jobkorea.co.kr/Recruit/GI_Read/40034036,[유연근무] Python 개발자를 모집합니다,서울 금천구 외
https://www.jobkorea.co.kr/Recruit/GI_Read/40108389,하나머티리얼즈 각 부문 신입/경력 모집,
https://www.jobkorea.co.kr/Recruit/GI_Read/39996568,파이썬 Django 백엔드 개발자 정직원 채용,경기 하남시
https://www.jobkorea.co.kr/Recruit/GI_Read/39966595,"(주)이랜서, PYTHON 파이썬 개발자 채용",서울 강남구
https://www.jobkorea.co.kr/Recruit/GI_Read/39986116,"인공지능(딥러닝) 개발자, Python 경력직 모집",서울 강남구
https://www.jobkorea.co.kr/Recruit/GI_Read/40175307,"[SBS아카데미 노원] 평일 C언어, java, 파이썬 강사 모집",서울 노원구
https://www.jobkorea.co.kr/Recruit/GI_Read/40100545,[케이뱅크] 2023 채용연계형 인턴십,
https://www.jobkorea.co.kr/Recruit/GI_Read/40177744,"프로그램 개발자 모집(Machine Vision, AI(Python), C, C#, C++)",경북 포항시
https://www.jobkorea.co.kr/Recruit/GI_Read/40184283,"12.[공덕역] 리눅스, linux, python, 파이썬, 파이선",서울 마포구
https://www.jobkorea.co.kr/Recruit/GI_Read/40175747,Python기반 Rest Api 개발,서울 구로구
https://www.jobkorea.co.kr/Recruit/GI_Read/40175206,Python/백엔드 개발자 모집(서울·경기),경기 안양시
https://www.jobkorea.co.kr/Recruit/GI_Read/40175940,"[SI, SM]단말상태 점검기능 시스템구축. 어드민개발 python, java, bootstrap, vue.js 고급1명(즉시, 강남역)",서울 금천구 외
https://www.jobkorea.co.kr/Recruit/GI_Read/39859389,전직군 경력/신입 인재영입,
https://www.jobkorea.co.kr/Recruit/GI_Read/40183779,"[경력자] Python(데이터엔지니어) 개발자 정규직 채용(초급,중급)",서울 강남구
https://www.jobkorea.co.kr/Recruit/GI_Read/40158459,[신입] 파이썬 자연어처리 개발자,서울 중구
https://www.jobkorea.co.kr/Recruit/GI_Read/40172852,[강서구 마곡] 파이썬 중급 이상 개발자 모집합니다.,서울 서초구 외
https://www.jobkorea.co.kr/Recruit/GI_Read/40113591,삼양식품그룹 2022년 하반기 채용연계형 인턴 공채,
https://www.jobkorea.co.kr/Recruit/GI_Read/40164750,파이썬 개발자 모집 채용,서울 영등포구 외
https://www.jobkorea.co.kr/Recruit/GI_Read/40140150,OpenCV/MATLAB/TensorFlow/Python/C/C++/Linux 알고리즘 개발,서울 서초구
https://www.jobkorea.co.kr/Recruit/GI_Read/40155753,[과천정부청사역] Python전처리 및 Oracle SE운영 경험자를 구인합니다(2023년 1월부터 12개월),서울 강남구 외
https://www.jobkorea.co.kr/Recruit/GI_Read/40139035,[삼성전자 서서울물류센터] 분야별 직원모집,
https://www.jobkorea.co.kr/Recruit/GI_Read/40175177,Python/백엔드 개발자 모집,대전 유성구
https://www.jobkorea.co.kr/Recruit/GI_Read/40158522,[신입/경력] Python 딥러닝 자연어(NLP) 개발,서울 중구 외
https://www.jobkorea.co.kr/Recruit/GI_Read/40134789,[대명소노그룹] 각 부문별 신입/경력 인재채용,
https://www.jobkorea.co.kr/Recruit/GI_Read/40139153,[운영] 시청역 금융사 Python 개발 경력자분들을 모십니다.,서울 중구
https://www.jobkorea.co.kr/Recruit/GI_Read/40027628,전국 홈플러스 점포(하이퍼/익스프레스) 신입(채용연계형 인턴십) 공개 채용,
https://www.jobkorea.co.kr/Recruit/GI_Read/40097875,㈜네이처리퍼블릭 부문별 신입 및 경력사원 채용,
https://www.jobkorea.co.kr/Recruit/GI_Read/40111342,2023년 신입사원 모집,
https://www.jobkorea.co.kr/Recruit/GI_Read/40140384,OpenCV/MATLAB/TensorFlow/Python/C/C++/Linux 알고리즘 개발 (팀원),서울 서초구
https://www.jobkorea.co.kr/Recruit/GI_Read/40146476,파이썬/Python,경기 성남시
https://www.jobkorea.co.kr/Recruit/GI_Read/40155289,파이썬(python) 백엔드 개발자(전문연구요원 가능),서울 강남구
https://www.jobkorea.co.kr/Recruit/GI_Read/39990110,각 분야별 신입/경력 직원모집 (생산/품질/공정/연구/설계/영업 외),
https://www.jobkorea.co.kr/Recruit/GI_Read/40155441,"[정규직] java, Python 개발자 구인 (HR) AI 솔루션 및 서비스 기업",서울 금천구
https://www.jobkorea.co.kr/Recruit/GI_Read/40068630,매일경제 경영지원직 신입사원 모집,
https://www.jobkorea.co.kr/Recruit/GI_Read/40144420,판교 한국타이어 파이썬 인력,경기 성남시
https://www.jobkorea.co.kr/Recruit/GI_Read/40080539,10월 신입/경력사원 모집,
https://www.jobkorea.co.kr/Recruit/GI_Read/40111333,㈜ADT 2022년 하반기 부문별 경력사원 채용,
https://www.jobkorea.co.kr/Recruit/GI_Read/39734268,"[IT학원] 직업훈련 JAVA, Python, AI, 빅데이터 교육강사 채용-휴먼교육센터",서울 영등포구
https://www.jobkorea.co.kr/Recruit/GI_Read/40109013,사업 확장에 따른 각 부문 경력 및 신입사원 모집,
https://www.jobkorea.co.kr/Recruit/GI_Read/40137749,쿠팡 대형 트럭기사 채용 (차량 무상지원),
https://www.jobkorea.co.kr/Recruit/GI_Read/40046366,Python 개발자 경력사원 채용,서울 구로구
https://www.jobkorea.co.kr/Recruit/GI_Read/40091930,해외무역직 신입 및 경력직 채용,
https://www.jobkorea.co.kr/Recruit/GI_Read/39616769,"(주)지식팩토리 학생 코딩 강사 채용(파이썬, 데이터 분석 등)",부산 해운대구
https://www.jobkorea.co.kr/Recruit/GI_Read/40117947,(주)한겨레엔 공개채용(교육콘텐츠 기획자),
https://www.jobkorea.co.kr/Recruit/GI_Read/40035764,2022년 하반기 신입/경력사원 채용,
https://www.jobkorea.co.kr/Recruit/GI_Read/40066651,[현대오토에버] 2022년 4분기 현대오토에버 차량SW / ICT부문 경력사원 채용,
https://www.jobkorea.co.kr/Recruit/GI_Read/39996774,"[정보기술개발] C#, 파이썬 등 수업가능하신 강사님 모십니다.",대전 중구
https://www.jobkorea.co.kr/Recruit/GI_Read/40008885,2022년 하반기 각 분야 공개채용,
https://www.jobkorea.co.kr/Recruit/GI_Read/39496770,Python(파이썬) 개발자 모집,서울
https://www.jobkorea.co.kr/Recruit/GI_Read/40045118,삼성생명서비스 2023년 신입사원(Lv3) 채용,
https://www.jobkorea.co.kr/Recruit/GI_Read/39488092,"AI등 IT강사(SW엔지니어링(자바,파이썬활용)) 구인",서울 금천구
https://www.jobkorea.co.kr/Recruit/GI_Read/39994975,"(공덕역)XXXX증권 빌드시스템 개발( python, jenkins )",서울 마포구
https://www.jobkorea.co.kr/Recruit/GI_Read/39547791,[천호캠퍼스] IT 프로그래밍(빅데이터&파이썬&자바) 강사채용,서울 강동구
https://www.jobkorea.co.kr/Recruit/GI_Read/39543009,"AWS 클라우드(자바,웹,C,DB,파이썬,스프링) 강사님 모십니다",경기 수원시
https://www.jobkorea.co.kr/Recruit/GI_Read/39542964,"빅데이터(웹,자바,파이썬,스프링,DB) 강사님 모십니다.",경기 수원시
https://www.jobkorea.co.kr/Recruit/GI_Read/39817325,파이썬/자바/it 선생님 모십니다,서울 마포구
https://www.jobkorea.co.kr/Recruit/GI_Read/39735725,[주 4일제] 파이썬 신입/경력 개발자 모집 / 경력자 업계 최고 우대,경기 성남시
https://www.jobkorea.co.kr/Recruit/GI_Read/39971021,"[SBS아카데미컴퓨터아트 대전] 교육부 강사채용 - 디지털드로잉(캐릭터,원화), IT(자바,C언어,파이썬), 유튜브편집과정 강의",대전 서구
https://www.jobkorea.co.kr/Recruit/GI_Read/39907576,IT관련 SQL / 파이썬 / R 직무교육강사,서울 강남구
https://www.jobkorea.co.kr/Recruit/GI_Read/39481544,"빅데이터 분야(JAVA,파이썬) 교강사 모집",경기 성남시
https://www.jobkorea.co.kr/Recruit/GI_Read/39947187,파이썬 기반 크롤링 파트타이머 채용 (정규직 전환 가능),서울 강남구 외
https://www.jobkorea.co.kr/Recruit/GI_Read/39833305,"엔스퀘어 AMR설계/제어/CS 모집 (AGV,자율주행,로봇,자동화,무인반송차,물류로봇,서비스로봇, C/C++/C#/파이썬)",충남 천안시
https://www.jobkorea.co.kr/Recruit/GI_Read/39529010,[해외근무: 베트남 하노이] Java/C#.Net Core/Python 백엔드 개발자,유럽 아르메니아 외
https://www.jobkorea.co.kr/Recruit/GI_Read/39972042,[에이젠글로벌]Python Backend Engineer,서울 영등포구
https://www.jobkorea.co.kr/Recruit/GI_Read/39780592,JAVA(Web)/Python 개발자 및 프로젝트 관라자 모집,서울 구로구 외
https://www.jobkorea.co.kr/Recruit/GI_Read/39909083,"노동부 전액국비 무료교육생 모집 [인공지능 활용 빅데이터 분석 플랫폼 개발자 양성(파이썬, 자바)]",서울 금천구
https://www.jobkorea.co.kr/Recruit/GI_Read/40111798,2022년 하반기 신입행원 채용,
https://www.jobkorea.co.kr/Recruit/GI_Read/39814651,[이젠컴퓨터학원 종로] 파이썬 빅데이터 분석 주말반 강사님을 모십니다.,서울 종로구 외
https://www.jobkorea.co.kr/Recruit/GI_Read/39934302,[준오뷰티그룹] IT스타트업 Python/Vue.js 웹개발자 채용,서울 성동구
https://www.jobkorea.co.kr/Recruit/GI_Read/39833844,"UI/UX, 웹퍼블리셔, 자바 웹프로그래밍, 파이썬, R, 빅 데이터, AI, 안드로이드, 클라우드 강사 모집",대구 수성구 외
https://www.jobkorea.co.kr/Recruit/GI_Read/39940229,"스마트 솔루션 개발 프로그래머(Python, C#) 모집",강원 춘천시
https://www.jobkorea.co.kr/Recruit/GI_Read/39918630,[배달로봇 및 자율자동차] 펌웨어 및 SW개발 엔지니어 C++ /Python,경기 성남시
https://www.jobkorea.co.kr/Recruit/GI_Read/39810340,"[메가스터디 SW입시센터] 프로그래밍 강사 모집( Python, 유니티게임(급구) )",서울 강남구
https://www.jobkorea.co.kr/Recruit/GI_Read/39907663,K-Digital Traninging [국비무료] 빅데이터&자바&파이썬 전문인력 취업연계교육,부산 북구 외
https://www.jobkorea.co.kr/Recruit/GI_Read/40078119,[교원그룹]10월 정기채용,
https://www.jobkorea.co.kr/Recruit/GI_Read/40139804,비상교육 그룹 직무별 신입/경력 대규모 인재채용,
https://www.jobkorea.co.kr/Recruit/GI_Read/40098794,㈜백조씽크 각 부문 신입 및 경력직 채용,
https://www.jobkorea.co.kr/Recruit/GI_Read/39930011,"[판교 삼성SDS캠퍼스]삼성전자 Brightics Law 솔루션(Rest API연계개발/Java, Python)",경기 성남시
https://www.jobkorea.co.kr/Recruit/GI_Read/39953658,"O2O 플랫폼 웹(백엔드) 개발자 python, django 인턴 정규직 채용",서울 용산구 외
https://www.jobkorea.co.kr/Recruit/GI_Read/39897967,"개발자[Cloud/A.I./Datalake] B/E (Python, Go), F/E (React)채용",서울 강남구 외
https://www.jobkorea.co.kr/Recruit/GI_Read/40104277,현대로템 부문별 신입/경력사원 채용,
https://www.jobkorea.co.kr/Recruit/GI_Read/40100184,2022년 신입 및 경력 공개채용,
https://www.jobkorea.co.kr/Recruit/GI_Read/40128409,2022년 하반기 신입사원 채용,
https://www.jobkorea.co.kr/Recruit/GI_Read/40114392,2022 LOUIS VUITTON 신입 및 경력 채용,
https://www.jobkorea.co.kr/Recruit/GI_Read/39894712,[양재] Python 중급이상2명 시스템 운영,서울 서초구
https://www.jobkorea.co.kr/Recruit/GI_Read/40131271,2022년 ㈜티비에이치글로벌 부문별 신입 및 경력직 모집,
https://www.jobkorea.co.kr/Recruit/GI_Read/39857900,"AI(머신러닝, 딥러닝)기반 R/Python 개발자 모집",서울 서초구
https://www.jobkorea.co.kr/Recruit/GI_Read/39839393,"[IT 사회적기업] PHP, Python, node.js 경력(신입) 개발자 모집",서울 금천구
https://www.jobkorea.co.kr/Recruit/GI_Read/39888535,python Data 전처리 업무 담당자 모집,대전 유성구
https://www.jobkorea.co.kr/Recruit/GI_Read/39839464,"[IT사회적기업] Android, iOS, Node.js, Python 개발자 경력(신입)자 모집",서울 금천구
https://www.jobkorea.co.kr/Recruit/GI_Read/39888916,R과 Python을 활용한 자연어 처리,경기 성남시
https://www.jobkorea.co.kr/Recruit/GI_Read/39836171,UNITY / PYTHON 개발자를 채용합니다,서울 금천구
https://www.jobkorea.co.kr/Recruit/GI_Read/39885724,AI기반 3세대 스마트팜 플랫폼 자바로직/파이썬 모델링 개발자,전북 전주시 외
https://www.jobkorea.co.kr/Recruit/GI_Read/40114539,2022년 ㈜세정 서울지사 부문별 신입(인턴) 채용,
https://www.jobkorea.co.kr/Recruit/GI_Read/39953656,"[동경] WebApplication개발자모집 (Java,Python경력자)",일본 도쿄
https://www.jobkorea.co.kr/Recruit/GI_Read/40104853,2022년 동광제약 4분기 신입 및 경력사원 채용,
https://www.jobkorea.co.kr/Recruit/GI_Read/39339128,"Python, 데이터 분석 경력자 모집",서울 영등포구
https://www.jobkorea.co.kr/Recruit/GI_Read/39414261,파이썬 기반의 풀스택 개발자 경력직 채용 공고,서울 서초구
https://www.jobkorea.co.kr/Recruit/GI_Read/39335522,"[정규직,마곡] 자바,자바script,Python개발 경험자를 구인합니다.",서울 강서구
https://www.jobkorea.co.kr/Recruit/GI_Read/39413800,"Python, C#, Visual Basic6, javascript, HTML 개발자 모집",서울 성동구
https://www.jobkorea.co.kr/Recruit/GI_Read/39458251,[DYB교육] 파이썬 개발자 모집,서울 강남구
https://www.jobkorea.co.kr/Recruit/GI_Read/40070907,업계 최고 대우로 파이썬(Python) 개발자를 모십니다.,서울 강남구
https://www.jobkorea.co.kr/Recruit/GI_Read/40090914,[이패스비즈] 파이썬(python) 교육과정 강사채용,서울 종로구 외
https://www.jobkorea.co.kr/Recruit/GI_Read/39441884,[주식회사 차가운] 파이썬 개발자 및 웹 개발자 모집,서울 영등포구
https://www.jobkorea.co.kr/Recruit/GI_Read/40137749,쿠팡 대형 트럭기사 채용 (차량 무상지원),
https://www.jobkorea.co.kr/Recruit/GI_Read/39371780,[신입/경력] python을 활용한 Ai개발 및 프론트 백앤드개발자 모집,서울 구로구 외
https://www.jobkorea.co.kr/Recruit/GI_Read/40045118,삼성생명서비스 2023년 신입사원(Lv3) 채용,
https://www.jobkorea.co.kr/Recruit/GI_Read/39329943,파이썬 개발인턴 모집,경기 고양시
https://www.jobkorea.co.kr/Recruit/GI_Read/40104277,현대로템 부문별 신입/경력사원 채용,
https://www.jobkorea.co.kr/Recruit/GI_Read/40085917,2022 Gucci Luxury Job Concert 대규모 채용,
https://www.jobkorea.co.kr/Recruit/GI_Read/40167106,PYTHON / SQLD 개발자 모집 (신입·경력),서울 금천구
https://www.jobkorea.co.kr/Recruit/GI_Read/40159903,C#/JAVA/파이썬 프로그래머 모집합니다 (완전초보 환영),서울 금천구 외
https://www.jobkorea.co.kr/Recruit/GI_Read/39971951,2022년 하반기 베스핀글로벌 신입사원 공개채용,
https://www.jobkorea.co.kr/Recruit/GI_Read/40114539,2022년 ㈜세정 서울지사 부문별 신입(인턴) 채용,
https://www.jobkorea.co.kr/Recruit/GI_Read/40091930,해외무역직 신입 및 경력직 채용,
https://www.jobkorea.co.kr/Recruit/GI_Read/40128409,2022년 하반기 신입사원 채용,
https://www.jobkorea.co.kr/Recruit/GI_Read/39397365,"백엔드 개발자 경력직 채용 (PHP/CodeIgniter, Python)",서울 강서구
https://www.jobkorea.co.kr/Recruit/GI_Read/39323939,"[패스오더] 급성장중인 스타트업 `백엔드(Spring, Python, MSA)` 개발자 경력/인턴 채용",서울 강남구 외
https://www.jobkorea.co.kr/Recruit/GI_Read/40104079,"프로그래밍 강사님 모십니다.(C언어,JAVA,파이썬)",서울 강동구
https://www.jobkorea.co.kr/Recruit/GI_Read/40033657,㈜면사랑 2023년 대졸 신입/경력 공개채용,
https://www.jobkorea.co.kr/Recruit/GI_Read/40179703,자바/파이썬 직업훈련교사 모집(국기 주간/야간/주말),경기 고양시
https://www.jobkorea.co.kr/Recruit/GI_Read/40179714,저녁/주말 직업훈련교사(디자인/퍼블리셔/영상/OA/자바/파이썬등),경기 고양시
https://www.jobkorea.co.kr/Recruit/GI_Read/40137320,"[모비데이즈] 플랫폼 개발팀 (백엔드 - 자바,파이썬 / 안드로이드) 경력직 채용 (-11/30)",서울 강남구
https://www.jobkorea.co.kr/Recruit/GI_Read/40137328,"[모비데이즈] R&D 백엔드/파이썬 개발자(Python, Node.js) 경력직 채용 (-11/30)",서울 강남구
https://www.jobkorea.co.kr/Recruit/GI_Read/40184711,소프트웨어 개발 (Python) 신입 및 경력 모집,서울 강남구
https://www.jobkorea.co.kr/Recruit/GI_Read/39761619,"[판교] H사 업무시스템 개발 - 파이썬, C++",경기 성남시 외
https://www.jobkorea.co.kr/Recruit/GI_Read/39767102,파이썬 및 웹 프로그램 개발자 채용공고,충북 청주시 외
https://www.jobkorea.co.kr/Recruit/GI_Read/39762989,[DYB교육] 라이브 플랫폼 개발(Python) 경력자 모집,서울 강남구
https://www.jobkorea.co.kr/Recruit/GI_Read/39718362,검사관련 응용프로그램 개발직 C# C++ Python,경기 수원시 외
https://www.jobkorea.co.kr/Recruit/GI_Read/39764989,"웹 자바, 파이썬 경력 개발자 구인(전문연구요원가능)",서울 금천구
https://www.jobkorea.co.kr/Recruit/GI_Read/39765133,개발자(PHP/Python/My SQL 등) 모집,서울 종로구 외
https://www.jobkorea.co.kr/Recruit/GI_Read/39810080,"[경력] 풀스택 (Javascript/React, Node.js/Python) 개발자 모집",서울 용산구
https://www.jobkorea.co.kr/Recruit/GI_Read/39770203,"자사 솔루션 개발자 모집(Linux, Python개발자)",서울 강남구
https://www.jobkorea.co.kr/Recruit/GI_Read/40130128,글로벌 OTA 아고다 신입경력 Global 채용 서울/방콕,
https://www.jobkorea.co.kr/Recruit/GI_Read/40111342,2023년 신입사원 모집,
https://www.jobkorea.co.kr/Recruit/GI_Read/39755580,Python 연계 개발자 모집,서울 구로구
https://www.jobkorea.co.kr/Recruit/GI_Read/39757051,"통신장비 시험 소프트웨어 개발(Linux, Python, C++)채용",서울 영등포구
https://www.jobkorea.co.kr/Recruit/GI_Read/40125430,엔씨소프트 부문별 수시 채용,
https://www.jobkorea.co.kr/Recruit/GI_Read/39658018,백엔드 엔지니어 모집(Python/Javascript),서울 영등포구
https://www.jobkorea.co.kr/Recruit/GI_Read/39746195,[채용] C# S/W or Python 개발자 경력 우대(사원주임대리과장급),서울 금천구
https://www.jobkorea.co.kr/Recruit/GI_Read/40045118,삼성생명서비스 2023년 신입사원(Lv3) 채용,
https://www.jobkorea.co.kr/Recruit/GI_Read/39645667,"프로그래밍 강사 채용 (자바, 파이썬, C언어, 백엔드개발, 빅데이터/AI개발)",서울 강남구
https://www.jobkorea.co.kr/Recruit/GI_Read/40115697,2022년 하반기 2차 포스코 생산기술직 신입사원(채용형 인턴) 모집,
https://www.jobkorea.co.kr/Recruit/GI_Read/39731115,솔루션/서비스 개발팀 (Python/Java/iOS/Android),서울 금천구
https://www.jobkorea.co.kr/Recruit/GI_Read/39699713,"글로벌 거래소 플랫폼 개발자 채용 (Java Spring, Python, Vue.js, Android)",서울 강남구
https://www.jobkorea.co.kr/Recruit/GI_Read/39657693,"JAVA, Python 웹 개발 신입/경력 사원 모집",서울 금천구
https://www.jobkorea.co.kr/Recruit/GI_Read/40134377,㈜아이디스 2022년 마지막 대규모 채용 (신입/경력),
https://www.jobkorea.co.kr/Recruit/GI_Read/39686682,파이선 개발자 초중급 이상 모집합니다.,서울 서초구
https://www.jobkorea.co.kr/Recruit/GI_Read/39657859,"[메가스터디IT아카데미] 프로그래밍, C언어, JAVA, Python 강사채용",서울 마포구 외
https://www.jobkorea.co.kr/Recruit/GI_Read/40008294,[MIDAS] 22년 하반기 대규모 채용,
https://www.jobkorea.co.kr/Recruit/GI_Read/40077097,2022년 ㈜항소 사원 채용,
https://www.jobkorea.co.kr/Recruit/GI_Read/40114139,롯데월드타워 SKY31 컨벤션 신입사원 채용,
https://www.jobkorea.co.kr/Recruit/GI_Read/40074057,2022년 서울문화재단 제3차 직원 공개채용 공고,
https://www.jobkorea.co.kr/Recruit/GI_Read/39686684,Python개발자/Machine Vision/이미지분석/Text 분석,서울 영등포구
https://www.jobkorea.co.kr/Recruit/GI_Read/39654694,Python 개발자 신입/경력 채용,서울 강서구
https://www.jobkorea.co.kr/Recruit/GI_Read/40114139,롯데월드타워 SKY31 컨벤션 신입사원 채용,
https://www.jobkorea.co.kr/Recruit/GI_Read/39593425,솔루션/서비스 개발자 모집 (Python/Java/PHP/iOS/Android),서울 서초구
https://www.jobkorea.co.kr/Recruit/GI_Read/39502315,"Node.js, Python, java 프로그램 개발자 신입/경력 채용 (초급/중급)",서울 강남구
https://www.jobkorea.co.kr/Recruit/GI_Read/39490310,통계/빅데이터 분야 Python 인력모집,서울 구로구 외
https://www.jobkorea.co.kr/Recruit/GI_Read/39632162,"SI(개발)/공정거래위원회.데이터포털/3명(중급-고급)/python(파이션),빅데이터분석/즉시-10개월/세종/",세종 전지역
https://www.jobkorea.co.kr/Recruit/GI_Read/39515120,"NET, 웹프로그래머, Java, MySQL, Python",인천 연수구
https://www.jobkorea.co.kr/Recruit/GI_Read/39485858,[React/Python 모집] 이마트 전기차 충전 관제 플랫폼 포탈 구축,서울 성동구
https://www.jobkorea.co.kr/Recruit/GI_Read/39614954,"응용 소프트웨어 병역특례 개발자 모십니다 (C#, Java, Python)",서울 금천구
https://www.jobkorea.co.kr/Recruit/GI_Read/39539585,[AI·인공지능사업부] 웹/python/백엔드 개발자 채용 (경력),경기 성남시
https://www.jobkorea.co.kr/Recruit/GI_Read/39519105,python 인공지능(AI)에 관심있는 개발자를 모십니다,경북 경산시 외
https://www.jobkorea.co.kr/Recruit/GI_Read/39566979,"프로그래밍(JAVA, Python) / 디자인 / OA 분야 시간강사 채용",충북 청주시
https://www.jobkorea.co.kr/Recruit/GI_Read/39629021,[Y Combinator W22 / 확실한 스타트업] DevOps / Node.js / Python Back-end 개발자 채용,서울 서초구
https://www.jobkorea.co.kr/Recruit/GI_Read/39606354,"[더조은컴퓨터학원 구로캠퍼스] 파이썬, R 주말반 강사 채용",서울 구로구
https://www.jobkorea.co.kr/Recruit/GI_Read/39531408,Mind AI - Python Backend Engineer,서울 중구
https://www.jobkorea.co.kr/Recruit/GI_Read/39593996,C언어 / JAVA / Python 강사님 모집중 [코리아교육그룹],서울 종로구
https://www.jobkorea.co.kr/Recruit/GI_Read/39476133,"[성남점, 기흥점] 자바,파이썬,C언어 재직자과정 강사 초빙(저녁)",경기 성남시 외
https://www.jobkorea.co.kr/Recruit/GI_Read/40074057,2022년 서울문화재단 제3차 직원 공개채용 공고,
https://www.jobkorea.co.kr/Recruit/GI_Read/39515100,"NET, 웹프로그래머, Java, MySQL, Python (팀장/차장급)",인천 연수구
https://www.jobkorea.co.kr/Recruit/GI_Read/39566142,[워라벨] Platform 서비스 구축/운영할 python 프로그래머를 모십니다.,서울 금천구
https://www.jobkorea.co.kr/Recruit/GI_Read/40132694,정규직 채용(영업관리본부/경영관리본부/기획법무팀),
https://www.jobkorea.co.kr/Recruit/GI_Read/40136249,[동구바이오제약] 각 부문별 수시채용 (신입/경력),
https://www.jobkorea.co.kr/Recruit/GI_Read/39550512,"소프트웨어 엔지니어 / C,C#,Python 경력직 채용",서울 금천구
https://www.jobkorea.co.kr/Recruit/GI_Read/39526969,(주)웨스트월드 2022년 Python 개발자 채용공고,경기 고양시
https://www.jobkorea.co.kr/Recruit/GI_Read/40113591,삼양식품그룹 2022년 하반기 채용연계형 인턴 공채,
https://www.jobkorea.co.kr/Recruit/GI_Read/39579261,프로그래머 모집 파이썬 프로그램개발 사이트개발/유지보수 서버관리등,서울 강남구
https://www.jobkorea.co.kr/Recruit/GI_Read/40064457,[대우건설자회사] 2022년 부문별 공개채용(경력/신입),
https://www.jobkorea.co.kr/Recruit/GI_Read/40134789,[대명소노그룹] 각 부문별 신입/경력 인재채용,
https://www.jobkorea.co.kr/Recruit/GI_Read/40131490,(주)이랜텍 각 부문별 신입 및 경력사원 모집,
https://www.jobkorea.co.kr/Recruit/GI_Read/40033657,㈜면사랑 2023년 대졸 신입/경력 공개채용,
https://www.jobkorea.co.kr/Recruit/GI_Read/40057215,[모멘텀] 2022년 채용전제형 인턴 채용,
